filename,relative_path,creation_date,leaf_mass
100824.jpg,4009/100824.jpg,2015-09-28T14:45:27,4009
100825.jpg,4009/100825.jpg,2015-09-28T14:45:57,4009
100827.jpg,4009/100827.jpg,2015-09-28T14:56:37,4009
100826.jpg,4009/100826.jpg,2015-09-28T14:57:00,4009
100681.jpg,3060/100681.jpg,2015-09-30T08:15:34,3060
100680.jpg,3060/100680.jpg,2015-09-30T08:15:42,3060
100683.jpg,3060/100683.jpg,2015-09-30T08:23:19,3060
100682.jpg,3060/100682.jpg,2015-09-30T08:23:29,3060
100685.jpg,3060/100685.jpg,2015-09-30T08:30:22,3060
100684.jpg,3060/100684.jpg,2015-09-30T08:30:31,3060
100829.jpg,4173/100829.jpg,2015-10-09T09:26:24,4173
100828.jpg,4173/100828.jpg,2015-10-09T09:26:33,4173
100831.jpg,4173/100831.jpg,2015-10-09T09:38:32,4173
100830.jpg,4173/100830.jpg,2015-10-09T09:38:42,4173
100833.jpg,4173/100833.jpg,2015-10-09T09:40:52,4173
100832.jpg,4173/100832.jpg,2015-10-09T09:41:00,4173
100902.jpg,4964/100902.jpg,2015-10-16T10:06:59,4964
100901.jpg,4964/100901.jpg,2015-10-16T10:07:08,4964
100904.jpg,4964/100904.jpg,2015-10-16T10:13:55,4964
100903.jpg,4964/100903.jpg,2015-10-16T10:14:04,4964
100459.jpg,2415/100459.jpg,2015-11-09T14:09:13,2415
100458.jpg,2415/100458.jpg,2015-11-09T14:09:20,2415
100461.jpg,2415/100461.jpg,2015-11-09T14:16:35,2415
100460.jpg,2415/100460.jpg,2015-11-09T14:16:45,2415
100457.jpg,2415/100457.jpg,2015-11-09T14:49:55,2415
100456.jpg,2415/100456.jpg,2015-11-09T14:50:00,2415
100356.jpg,2253/100356.jpg,2017-01-13T16:37:40-02:00,2253
101000.jpg,7832/101000.jpg,2017-01-13T16:38:48-02:00,7832
100357.jpg,2253/100357.jpg,2017-01-13T16:38:50-02:00,2253
101001.jpg,7832/101001.jpg,2017-01-13T16:39:54-02:00,7832
100358.jpg,2253/100358.jpg,2017-01-13T16:40:00-02:00,2253
101002.jpg,7832/101002.jpg,2017-01-13T16:41:00-02:00,7832
100359.jpg,2253/100359.jpg,2017-01-13T16:41:04-02:00,2253
101003.jpg,7832/101003.jpg,2017-01-13T16:42:08-02:00,7832
100937.jpg,5356/100937.jpg,2020-04-09T08:31:24,5356
100938.jpg,5356/100938.jpg,2020-04-09T08:31:30,5356
100939.jpg,5356/100939.jpg,2020-04-09T08:32:06,5356
100940.jpg,5356/100940.jpg,2020-04-09T08:32:10,5356
101024.jpg,10164/101024.jpg,2020-04-09T08:42:01,10164
101025.jpg,10164/101025.jpg,2020-04-09T08:42:06,10164
101026.jpg,10164/101026.jpg,2020-04-09T08:42:23,10164
101027.jpg,10164/101027.jpg,2020-04-09T08:42:29,10164
100628.jpg,2933/100628.jpg,2020-04-09T08:51:03,2933
100629.jpg,2933/100629.jpg,2020-04-09T08:51:07,2933
100630.jpg,2933/100630.jpg,2020-04-09T08:51:24,2933
100631.jpg,2933/100631.jpg,2020-04-09T08:51:29,2933
101022.jpg,9913/101022.jpg,2020-04-09T08:59:23,9913
101023.jpg,9913/101023.jpg,2020-04-09T08:59:50,9913
101020.jpg,9913/101020.jpg,2020-04-09T09:00:32,9913
101021.jpg,9913/101021.jpg,2020-04-09T09:00:36,9913
100664.jpg,2989/100664.jpg,2020-04-09T09:11:53,2989
100665.jpg,2989/100665.jpg,2020-04-09T09:12:19,2989
100666.jpg,2989/100666.jpg,2020-04-09T09:12:47,2989
100667.jpg,2989/100667.jpg,2020-04-09T09:12:53,2989
101012.jpg,9395/101012.jpg,2020-04-09T09:24:25,9395
101013.jpg,9395/101013.jpg,2020-04-09T09:25:28,9395
101014.jpg,9395/101014.jpg,2020-04-09T09:25:52,9395
101015.jpg,9395/101015.jpg,2020-04-09T09:26:42,9395
101016.jpg,9395/101016.jpg,2020-04-09T09:29:35,9395
101017.jpg,9395/101017.jpg,2020-04-09T09:29:40,9395
101018.jpg,9395/101018.jpg,2020-04-09T09:30:00,9395
101019.jpg,9395/101019.jpg,2020-04-09T09:30:04,9395
100885.jpg,4650/100885.jpg,2020-04-09T09:38:22,4650
100886.jpg,4650/100886.jpg,2020-04-09T09:38:28,4650
100887.jpg,4650/100887.jpg,2020-04-09T09:38:52,4650
100888.jpg,4650/100888.jpg,2020-04-09T09:38:59,4650
100941.jpg,5554/100941.jpg,2020-04-09T09:46:34,5554
100942.jpg,5554/100942.jpg,2020-04-09T09:46:56,5554
100943.jpg,5554/100943.jpg,2020-04-09T09:47:15,5554
100944.jpg,5554/100944.jpg,2020-04-09T09:47:23,5554
101010.jpg,8134/101010.jpg,2020-04-09T09:57:16,8134
101011.jpg,8134/101011.jpg,2020-04-09T09:57:24,8134
101008.jpg,8134/101008.jpg,2020-04-09T09:57:59,8134
101009.jpg,8134/101009.jpg,2020-04-09T09:58:02,8134
100971.jpg,6624/100971.jpg,2020-04-09T10:19:43,6624
100972.jpg,6624/100972.jpg,2020-04-09T10:19:47,6624
100973.jpg,6624/100973.jpg,2020-04-09T10:20:08,6624
100974.jpg,6624/100974.jpg,2020-04-09T10:20:11,6624
100954.jpg,5740/100954.jpg,2020-05-06T08:34:06,5740
100955.jpg,5740/100955.jpg,2020-05-06T08:34:15,5740
100956.jpg,5740/100956.jpg,2020-05-06T08:34:40,5740
100957.jpg,5740/100957.jpg,2020-05-06T08:34:51,5740
100979.jpg,7387/100979.jpg,2020-05-06T08:42:12,7387
100980.jpg,7387/100980.jpg,2020-05-06T08:42:22,7387
100981.jpg,7387/100981.jpg,2020-05-06T08:42:39,7387
100982.jpg,7387/100982.jpg,2020-05-06T08:42:44,7387
100074.jpg,1672/100074.jpg,2020-05-06T08:54:28,1672
100075.jpg,1672/100075.jpg,2020-05-06T08:54:31,1672
100072.jpg,1672/100072.jpg,2020-05-06T08:54:44,1672
100073.jpg,1672/100073.jpg,2020-05-06T08:54:57,1672
100820.jpg,3660/100820.jpg,2020-05-06T09:07:15,3660
100821.jpg,3660/100821.jpg,2020-05-06T09:08:21,3660
100822.jpg,3660/100822.jpg,2020-05-06T09:08:35,3660
100823.jpg,3660/100823.jpg,2020-05-06T09:08:38,3660
101028.jpg,10798/101028.jpg,2020-05-06T09:18:31,10798
101029.jpg,10798/101029.jpg,2020-05-06T09:18:35,10798
101030.jpg,10798/101030.jpg,2020-05-06T09:18:53,10798
101031.jpg,10798/101031.jpg,2020-05-06T09:18:56,10798
101004.jpg,8038/101004.jpg,2020-05-06T09:32:53,8038
101005.jpg,8038/101005.jpg,2020-05-06T09:32:57,8038
101006.jpg,8038/101006.jpg,2020-05-06T09:33:14,8038
101007.jpg,8038/101007.jpg,2020-05-06T09:33:18,8038
100975.jpg,7181/100975.jpg,2020-05-06T09:52:44,7181
100976.jpg,7181/100976.jpg,2020-05-06T09:52:48,7181
100977.jpg,7181/100977.jpg,2020-05-06T09:53:00,7181
100978.jpg,7181/100978.jpg,2020-05-06T09:53:03,7181
100998.jpg,7789/100998.jpg,2020-05-15T02:27:48-03:00,7789
100999.jpg,7789/100999.jpg,2020-05-15T02:28:06-03:00,7789
100997.jpg,7789/100997.jpg,2020-05-15T02:29:08-03:00,7789
100996.jpg,7789/100996.jpg,2020-05-15T02:29:26-03:00,7789
100985.jpg,7644/100985.jpg,2020-05-15T02:29:46-03:00,7644
100984.jpg,7644/100984.jpg,2020-05-15T02:30:04-03:00,7644
100983.jpg,7644/100983.jpg,2020-05-15T02:30:20-03:00,7644
100986.jpg,7644/100986.jpg,2020-05-15T02:30:50-03:00,7644
100834.jpg,4235/100834.jpg,2020-05-15T02:31:26-03:00,4235
100835.jpg,4235/100835.jpg,2020-05-15T02:31:42-03:00,4235
100836.jpg,4235/100836.jpg,2020-05-15T02:32:14-03:00,4235
100837.jpg,4235/100837.jpg,2020-05-15T02:32:48-03:00,4235
100929.jpg,5185/100929.jpg,2020-05-15T02:33:18-03:00,5185
100930.jpg,5185/100930.jpg,2020-05-15T02:33:40-03:00,5185
100931.jpg,5185/100931.jpg,2020-05-15T02:33:52-03:00,5185
100932.jpg,5185/100932.jpg,2020-05-15T02:34:08-03:00,5185
100936.jpg,5293/100936.jpg,2020-05-15T02:34:28-03:00,5293
100935.jpg,5293/100935.jpg,2020-05-15T02:35:44-03:00,5293
100934.jpg,5293/100934.jpg,2020-05-15T02:36:00-03:00,5293
100933.jpg,5293/100933.jpg,2020-05-15T02:38:18-03:00,5293
100841.jpg,4291/100841.jpg,2020-05-15T02:42:46-03:00,4291
100840.jpg,4291/100840.jpg,2020-05-15T02:58:44-03:00,4291
100838.jpg,4291/100838.jpg,2020-05-15T02:59:12-03:00,4291
100839.jpg,4291/100839.jpg,2020-05-15T02:59:52-03:00,4291
100689.jpg,3066/100689.jpg,2020-05-15T03:12:02-03:00,3066
100690.jpg,3066/100690.jpg,2020-05-15T03:12:48-03:00,3066
100686.jpg,3066/100686.jpg,2020-05-15T03:17:32-03:00,3066
100687.jpg,3066/100687.jpg,2020-05-15T03:18:16-03:00,3066
100688.jpg,3066/100688.jpg,2020-05-15T03:20:28-03:00,3066
100958.jpg,5830/100958.jpg,2020-05-15T03:22:24-03:00,5830
100959.jpg,5830/100959.jpg,2020-05-15T03:22:40-03:00,5830
100960.jpg,5830/100960.jpg,2020-05-15T03:23:16-03:00,5830
100961.jpg,5830/100961.jpg,2020-05-15T03:23:48-03:00,5830
100342.jpg,2188/100342.jpg,2023-08-03T06:44:28-03:00,2188
100343.jpg,2188/100343.jpg,2023-08-03T06:44:28-03:00,2188
100344.jpg,2188/100344.jpg,2023-08-03T06:44:28-03:00,2188
100345.jpg,2188/100345.jpg,2023-08-03T06:44:28-03:00,2188
100346.jpg,2188/100346.jpg,2023-08-03T06:44:28-03:00,2188
100347.jpg,2188/100347.jpg,2023-08-03T06:46:34-03:00,2188
100348.jpg,2188/100348.jpg,2023-08-03T06:46:34-03:00,2188
100349.jpg,2188/100349.jpg,2023-08-03T06:46:34-03:00,2188
100350.jpg,2188/100350.jpg,2023-08-03T06:46:34-03:00,2188
100351.jpg,2188/100351.jpg,2023-08-03T06:48:42-03:00,2188
100352.jpg,2188/100352.jpg,2023-08-03T06:48:42-03:00,2188
100353.jpg,2188/100353.jpg,2023-08-03T06:48:42-03:00,2188
100354.jpg,2188/100354.jpg,2023-08-03T06:48:42-03:00,2188
100355.jpg,2188/100355.jpg,2023-08-03T06:48:42-03:00,2188
100842.jpg,4378/100842.jpg,2023-08-03T06:58:26-03:00,4378
100843.jpg,4378/100843.jpg,2023-08-03T06:58:26-03:00,4378
100844.jpg,4378/100844.jpg,2023-08-03T06:58:26-03:00,4378
100845.jpg,4378/100845.jpg,2023-08-03T06:58:26-03:00,4378
100846.jpg,4378/100846.jpg,2023-08-03T06:58:26-03:00,4378
100847.jpg,4378/100847.jpg,2023-08-03T06:58:26-03:00,4378
100848.jpg,4378/100848.jpg,2023-08-03T06:58:26-03:00,4378
100849.jpg,4378/100849.jpg,2023-08-03T07:02:50-03:00,4378
100850.jpg,4378/100850.jpg,2023-08-03T07:02:50-03:00,4378
100851.jpg,4378/100851.jpg,2023-08-03T07:02:50-03:00,4378
100852.jpg,4378/100852.jpg,2023-08-03T07:02:50-03:00,4378
100853.jpg,4378/100853.jpg,2023-08-03T07:02:50-03:00,4378
100854.jpg,4378/100854.jpg,2023-08-03T07:23:10-03:00,4378
100855.jpg,4378/100855.jpg,2023-08-03T07:23:10-03:00,4378
100856.jpg,4378/100856.jpg,2023-08-03T07:23:10-03:00,4378
100857.jpg,4378/100857.jpg,2023-08-03T07:23:10-03:00,4378
100858.jpg,4378/100858.jpg,2023-08-03T07:23:10-03:00,4378
100859.jpg,4378/100859.jpg,2023-08-03T07:23:10-03:00,4378
100860.jpg,4378/100860.jpg,2023-08-03T07:23:10-03:00,4378
100889.jpg,4826/100889.jpg,2023-08-03T07:31:00-03:00,4826
100890.jpg,4826/100890.jpg,2023-08-03T07:31:00-03:00,4826
100891.jpg,4826/100891.jpg,2023-08-03T07:31:00-03:00,4826
100892.jpg,4826/100892.jpg,2023-08-03T07:31:00-03:00,4826
100893.jpg,4826/100893.jpg,2023-08-03T07:31:00-03:00,4826
100894.jpg,4826/100894.jpg,2023-08-03T07:37:34-03:00,4826
100895.jpg,4826/100895.jpg,2023-08-03T07:37:34-03:00,4826
100896.jpg,4826/100896.jpg,2023-08-03T07:37:34-03:00,4826
100897.jpg,4826/100897.jpg,2023-08-03T07:37:34-03:00,4826
100898.jpg,4826/100898.jpg,2023-08-03T07:43:52-03:00,4826
100899.jpg,4826/100899.jpg,2023-08-03T07:44:56-03:00,4826
100900.jpg,4826/100900.jpg,2023-08-03T07:46:54-03:00,4826
100987.jpg,7700/100987.jpg,2023-08-03T12:29:44-03:00,7700
100988.jpg,7700/100988.jpg,2023-08-03T12:30:26-03:00,7700
100989.jpg,7700/100989.jpg,2023-08-03T12:31:40-03:00,7700
100990.jpg,7700/100990.jpg,2023-08-03T12:33:04-03:00,7700
100991.jpg,7700/100991.jpg,2023-08-03T12:33:40-03:00,7700
100992.jpg,7700/100992.jpg,2023-08-03T12:34:14-03:00,7700
100993.jpg,7700/100993.jpg,2023-08-03T12:35:00-03:00,7700
100994.jpg,7700/100994.jpg,2023-08-03T12:35:44-03:00,7700
100995.jpg,7700/100995.jpg,2023-08-03T12:36:14-03:00,7700
100962.jpg,6512/100962.jpg,2023-08-03T12:37:14-03:00,6512
100963.jpg,6512/100963.jpg,2023-08-03T12:37:54-03:00,6512
100964.jpg,6512/100964.jpg,2023-08-03T12:38:22-03:00,6512
100965.jpg,6512/100965.jpg,2023-08-03T12:38:50-03:00,6512
100966.jpg,6512/100966.jpg,2023-08-03T12:39:16-03:00,6512
100967.jpg,6512/100967.jpg,2023-08-03T12:39:44-03:00,6512
100968.jpg,6512/100968.jpg,2023-08-03T12:40:14-03:00,6512
100969.jpg,6512/100969.jpg,2023-08-03T12:40:42-03:00,6512
100970.jpg,6512/100970.jpg,2023-08-03T12:41:06-03:00,6512
100945.jpg,5718/100945.jpg,2023-08-03T12:42:52-03:00,5718
100946.jpg,5718/100946.jpg,2023-08-03T12:43:42-03:00,5718
100948.jpg,5718/100948.jpg,2023-08-03T12:44:52-03:00,5718
100949.jpg,5718/100949.jpg,2023-08-03T12:46:12-03:00,5718
100950.jpg,5718/100950.jpg,2023-08-03T12:46:46-03:00,5718
100951.jpg,5718/100951.jpg,2023-08-03T12:47:16-03:00,5718
100952.jpg,5718/100952.jpg,2023-08-03T12:47:42-03:00,5718
100953.jpg,5718/100953.jpg,2023-08-03T12:48:06-03:00,5718
100947.jpg,5718/100947.jpg,2023-08-07T04:46:52-03:00,5718
100150.jpg,1768/100150.jpg,2023-08-10T06:05:34-03:00,1768
100151.jpg,1768/100151.jpg,2023-08-10T06:05:34-03:00,1768
100152.jpg,1768/100152.jpg,2023-08-10T06:05:34-03:00,1768
100153.jpg,1768/100153.jpg,2023-08-10T06:05:34-03:00,1768
100154.jpg,1768/100154.jpg,2023-08-10T06:05:34-03:00,1768
100155.jpg,1768/100155.jpg,2023-08-10T06:05:34-03:00,1768
100156.jpg,1768/100156.jpg,2023-08-10T06:05:34-03:00,1768
100157.jpg,1768/100157.jpg,2023-08-10T06:05:34-03:00,1768
100158.jpg,1768/100158.jpg,2023-08-10T06:08:30-03:00,1768
100159.jpg,1768/100159.jpg,2023-08-10T06:08:30-03:00,1768
100160.jpg,1768/100160.jpg,2023-08-10T06:08:30-03:00,1768
100161.jpg,1768/100161.jpg,2023-08-10T06:08:30-03:00,1768
100162.jpg,1768/100162.jpg,2023-08-10T06:08:30-03:00,1768
100163.jpg,1768/100163.jpg,2023-08-10T06:08:30-03:00,1768
100164.jpg,1768/100164.jpg,2023-08-10T06:08:30-03:00,1768
100165.jpg,1768/100165.jpg,2023-08-10T06:08:30-03:00,1768
100166.jpg,1768/100166.jpg,2023-08-10T06:11:24-03:00,1768
100167.jpg,1768/100167.jpg,2023-08-10T06:11:24-03:00,1768
100168.jpg,1768/100168.jpg,2023-08-10T06:11:24-03:00,1768
100169.jpg,1768/100169.jpg,2023-08-10T06:11:24-03:00,1768
100170.jpg,1768/100170.jpg,2023-08-10T06:11:24-03:00,1768
100171.jpg,1768/100171.jpg,2023-08-10T06:11:24-03:00,1768
100172.jpg,1768/100172.jpg,2023-08-10T06:11:24-03:00,1768
100861.jpg,4494/100861.jpg,2023-08-10T06:14:34-03:00,4494
100862.jpg,4494/100862.jpg,2023-08-10T06:14:34-03:00,4494
100863.jpg,4494/100863.jpg,2023-08-10T06:14:34-03:00,4494
100864.jpg,4494/100864.jpg,2023-08-10T06:14:34-03:00,4494
100865.jpg,4494/100865.jpg,2023-08-10T06:14:34-03:00,4494
100866.jpg,4494/100866.jpg,2023-08-10T06:14:34-03:00,4494
100867.jpg,4494/100867.jpg,2023-08-10T06:14:34-03:00,4494
100868.jpg,4494/100868.jpg,2023-08-10T06:14:34-03:00,4494
100869.jpg,4494/100869.jpg,2023-08-10T06:18:02-03:00,4494
100870.jpg,4494/100870.jpg,2023-08-10T06:18:02-03:00,4494
100871.jpg,4494/100871.jpg,2023-08-10T06:18:02-03:00,4494
100872.jpg,4494/100872.jpg,2023-08-10T06:18:02-03:00,4494
100873.jpg,4494/100873.jpg,2023-08-10T06:18:02-03:00,4494
100874.jpg,4494/100874.jpg,2023-08-10T06:18:02-03:00,4494
100875.jpg,4494/100875.jpg,2023-08-10T06:18:02-03:00,4494
100876.jpg,4494/100876.jpg,2023-08-10T06:18:02-03:00,4494
100877.jpg,4494/100877.jpg,2023-08-10T06:20:36-03:00,4494
100878.jpg,4494/100878.jpg,2023-08-10T06:20:36-03:00,4494
100879.jpg,4494/100879.jpg,2023-08-10T06:20:36-03:00,4494
100880.jpg,4494/100880.jpg,2023-08-10T06:20:36-03:00,4494
100881.jpg,4494/100881.jpg,2023-08-10T06:20:36-03:00,4494
100882.jpg,4494/100882.jpg,2023-08-10T06:20:36-03:00,4494
100883.jpg,4494/100883.jpg,2023-08-10T06:20:36-03:00,4494
100884.jpg,4494/100884.jpg,2023-08-10T06:20:36-03:00,4494
100715.jpg,3182/100715.jpg,2023-08-10T06:23:28-03:00,3182
100716.jpg,3182/100716.jpg,2023-08-10T06:23:28-03:00,3182
100717.jpg,3182/100717.jpg,2023-08-10T06:23:28-03:00,3182
100718.jpg,3182/100718.jpg,2023-08-10T06:23:28-03:00,3182
100719.jpg,3182/100719.jpg,2023-08-10T06:23:28-03:00,3182
100720.jpg,3182/100720.jpg,2023-08-10T06:23:28-03:00,3182
100721.jpg,3182/100721.jpg,2023-08-10T06:23:28-03:00,3182
100722.jpg,3182/100722.jpg,2023-08-10T06:23:28-03:00,3182
100723.jpg,3182/100723.jpg,2023-08-10T06:28:34-03:00,3182
100724.jpg,3182/100724.jpg,2023-08-10T06:28:34-03:00,3182
100725.jpg,3182/100725.jpg,2023-08-10T06:28:34-03:00,3182
100726.jpg,3182/100726.jpg,2023-08-10T06:28:34-03:00,3182
100727.jpg,3182/100727.jpg,2023-08-10T06:28:34-03:00,3182
100728.jpg,3182/100728.jpg,2023-08-10T06:28:34-03:00,3182
100729.jpg,3182/100729.jpg,2023-08-10T06:28:34-03:00,3182
100730.jpg,3182/100730.jpg,2023-08-10T06:28:34-03:00,3182
100731.jpg,3182/100731.jpg,2023-08-10T06:31:04-03:00,3182
100732.jpg,3182/100732.jpg,2023-08-10T06:31:04-03:00,3182
100733.jpg,3182/100733.jpg,2023-08-10T06:31:04-03:00,3182
100734.jpg,3182/100734.jpg,2023-08-10T06:31:04-03:00,3182
100735.jpg,3182/100735.jpg,2023-08-10T06:31:04-03:00,3182
100736.jpg,3182/100736.jpg,2023-08-10T06:31:04-03:00,3182
100737.jpg,3182/100737.jpg,2023-08-10T06:31:04-03:00,3182
100738.jpg,3182/100738.jpg,2023-08-10T06:31:04-03:00,3182
100797.jpg,3492/100797.jpg,2023-08-10T06:34:00-03:00,3492
100798.jpg,3492/100798.jpg,2023-08-10T06:34:00-03:00,3492
100799.jpg,3492/100799.jpg,2023-08-10T06:34:00-03:00,3492
100800.jpg,3492/100800.jpg,2023-08-10T06:34:00-03:00,3492
100801.jpg,3492/100801.jpg,2023-08-10T06:34:00-03:00,3492
100802.jpg,3492/100802.jpg,2023-08-10T06:34:00-03:00,3492
100803.jpg,3492/100803.jpg,2023-08-10T06:34:00-03:00,3492
100804.jpg,3492/100804.jpg,2023-08-10T06:34:00-03:00,3492
100805.jpg,3492/100805.jpg,2023-08-10T06:36:44-03:00,3492
100806.jpg,3492/100806.jpg,2023-08-10T06:36:44-03:00,3492
100807.jpg,3492/100807.jpg,2023-08-10T06:36:44-03:00,3492
100808.jpg,3492/100808.jpg,2023-08-10T06:36:44-03:00,3492
100809.jpg,3492/100809.jpg,2023-08-10T06:36:44-03:00,3492
100810.jpg,3492/100810.jpg,2023-08-10T06:36:44-03:00,3492
100811.jpg,3492/100811.jpg,2023-08-10T06:36:44-03:00,3492
100812.jpg,3492/100812.jpg,2023-08-10T06:36:44-03:00,3492
100813.jpg,3492/100813.jpg,2023-08-10T06:39:14-03:00,3492
100814.jpg,3492/100814.jpg,2023-08-10T06:39:14-03:00,3492
100815.jpg,3492/100815.jpg,2023-08-10T06:39:14-03:00,3492
100816.jpg,3492/100816.jpg,2023-08-10T06:39:14-03:00,3492
100817.jpg,3492/100817.jpg,2023-08-10T06:39:14-03:00,3492
100818.jpg,3492/100818.jpg,2023-08-10T06:39:14-03:00,3492
100819.jpg,3492/100819.jpg,2023-08-10T06:39:14-03:00,3492
100905.jpg,5006/100905.jpg,2023-08-10T06:43:28-03:00,5006
100906.jpg,5006/100906.jpg,2023-08-10T06:44:14-03:00,5006
100907.jpg,5006/100907.jpg,2023-08-10T06:44:14-03:00,5006
100908.jpg,5006/100908.jpg,2023-08-10T06:44:14-03:00,5006
100909.jpg,5006/100909.jpg,2023-08-10T06:44:14-03:00,5006
100910.jpg,5006/100910.jpg,2023-08-10T06:44:14-03:00,5006
100911.jpg,5006/100911.jpg,2023-08-10T06:44:14-03:00,5006
100912.jpg,5006/100912.jpg,2023-08-10T06:44:14-03:00,5006
100913.jpg,5006/100913.jpg,2023-08-10T06:48:08-03:00,5006
100914.jpg,5006/100914.jpg,2023-08-10T06:48:42-03:00,5006
100915.jpg,5006/100915.jpg,2023-08-10T06:48:42-03:00,5006
100916.jpg,5006/100916.jpg,2023-08-10T06:48:42-03:00,5006
100917.jpg,5006/100917.jpg,2023-08-10T06:48:42-03:00,5006
100918.jpg,5006/100918.jpg,2023-08-10T06:50:12-03:00,5006
100919.jpg,5006/100919.jpg,2023-08-10T06:50:46-03:00,5006
100920.jpg,5006/100920.jpg,2023-08-10T06:51:16-03:00,5006
100921.jpg,5006/100921.jpg,2023-08-10T06:51:56-03:00,5006
100922.jpg,5006/100922.jpg,2023-08-10T06:52:54-03:00,5006
100923.jpg,5006/100923.jpg,2023-08-10T06:52:54-03:00,5006
100924.jpg,5006/100924.jpg,2023-08-10T06:52:54-03:00,5006
100925.jpg,5006/100925.jpg,2023-08-10T06:52:54-03:00,5006
100926.jpg,5006/100926.jpg,2023-08-10T06:52:54-03:00,5006
100927.jpg,5006/100927.jpg,2023-08-10T06:52:54-03:00,5006
100928.jpg,5006/100928.jpg,2023-08-10T06:52:54-03:00,5006
100751.jpg,3283/100751.jpg,2023-08-10T06:55:04-03:00,3283
100752.jpg,3283/100752.jpg,2023-08-10T06:55:40-03:00,3283
100753.jpg,3283/100753.jpg,2023-08-10T06:55:40-03:00,3283
100754.jpg,3283/100754.jpg,2023-08-10T06:55:42-03:00,3283
100755.jpg,3283/100755.jpg,2023-08-10T06:55:42-03:00,3283
100756.jpg,3283/100756.jpg,2023-08-10T06:55:42-03:00,3283
100757.jpg,3283/100757.jpg,2023-08-10T06:55:42-03:00,3283
100758.jpg,3283/100758.jpg,2023-08-10T06:55:42-03:00,3283
100759.jpg,3283/100759.jpg,2023-08-10T06:57:28-03:00,3283
100760.jpg,3283/100760.jpg,2023-08-10T07:00:30-03:00,3283
100761.jpg,3283/100761.jpg,2023-08-10T07:00:30-03:00,3283
100762.jpg,3283/100762.jpg,2023-08-10T07:00:30-03:00,3283
100763.jpg,3283/100763.jpg,2023-08-10T07:00:30-03:00,3283
100764.jpg,3283/100764.jpg,2023-08-10T07:00:30-03:00,3283
100765.jpg,3283/100765.jpg,2023-08-10T07:00:30-03:00,3283
100766.jpg,3283/100766.jpg,2023-08-10T07:00:30-03:00,3283
100767.jpg,3283/100767.jpg,2023-08-10T07:02:54-03:00,3283
100768.jpg,3283/100768.jpg,2023-08-10T07:04:00-03:00,3283
100769.jpg,3283/100769.jpg,2023-08-10T07:04:00-03:00,3283
100770.jpg,3283/100770.jpg,2023-08-10T07:04:00-03:00,3283
100771.jpg,3283/100771.jpg,2023-08-10T07:04:00-03:00,3283
100772.jpg,3283/100772.jpg,2023-08-10T07:04:00-03:00,3283
100773.jpg,3283/100773.jpg,2023-08-10T07:04:00-03:00,3283
100774.jpg,3283/100774.jpg,2023-08-10T07:04:00-03:00,3283
100000.jpg,1438/100000.jpg,2023-09-11T09:28:54-03:00,1438
100001.jpg,1438/100001.jpg,2023-09-11T09:32:04-03:00,1438
100004.jpg,1438/100004.jpg,2023-09-11T09:34:36-03:00,1438
100005.jpg,1438/100005.jpg,2023-09-11T09:35:56-03:00,1438
100006.jpg,1438/100006.jpg,2023-09-11T09:36:28-03:00,1438
100007.jpg,1438/100007.jpg,2023-09-11T09:36:58-03:00,1438
100008.jpg,1438/100008.jpg,2023-09-11T09:37:20-03:00,1438
100009.jpg,1438/100009.jpg,2023-09-11T09:37:52-03:00,1438
100010.jpg,1438/100010.jpg,2023-09-11T09:38:16-03:00,1438
100011.jpg,1438/100011.jpg,2023-09-11T09:38:50-03:00,1438
100002.jpg,1438/100002.jpg,2023-09-11T09:39:32-03:00,1438
100003.jpg,1438/100003.jpg,2023-09-11T09:40:02-03:00,1438
100668.jpg,3054/100668.jpg,2023-09-11T09:40:58-03:00,3054
100669.jpg,3054/100669.jpg,2023-09-11T09:41:44-03:00,3054
100670.jpg,3054/100670.jpg,2023-09-11T09:42:12-03:00,3054
100671.jpg,3054/100671.jpg,2023-09-11T09:42:46-03:00,3054
100672.jpg,3054/100672.jpg,2023-09-11T09:43:12-03:00,3054
100673.jpg,3054/100673.jpg,2023-09-11T09:43:56-03:00,3054
100674.jpg,3054/100674.jpg,2023-09-11T09:44:20-03:00,3054
100675.jpg,3054/100675.jpg,2023-09-11T09:44:44-03:00,3054
100676.jpg,3054/100676.jpg,2023-09-11T09:45:20-03:00,3054
100677.jpg,3054/100677.jpg,2023-09-11T09:45:46-03:00,3054
100678.jpg,3054/100678.jpg,2023-09-11T09:46:08-03:00,3054
100679.jpg,3054/100679.jpg,2023-09-11T09:46:28-03:00,3054
100318.jpg,2134/100318.jpg,2023-09-11T09:47:12-03:00,2134
100319.jpg,2134/100319.jpg,2023-09-11T09:47:30-03:00,2134
100320.jpg,2134/100320.jpg,2023-09-11T09:47:50-03:00,2134
100321.jpg,2134/100321.jpg,2023-09-11T09:48:16-03:00,2134
100322.jpg,2134/100322.jpg,2023-09-11T09:54:04-03:00,2134
100323.jpg,2134/100323.jpg,2023-09-11T09:54:36-03:00,2134
100324.jpg,2134/100324.jpg,2023-09-11T09:54:56-03:00,2134
100325.jpg,2134/100325.jpg,2023-09-11T09:55:14-03:00,2134
100326.jpg,2134/100326.jpg,2023-09-11T09:55:40-03:00,2134
100327.jpg,2134/100327.jpg,2023-09-11T09:56:02-03:00,2134
100328.jpg,2134/100328.jpg,2023-09-11T09:56:24-03:00,2134
100329.jpg,2134/100329.jpg,2023-09-11T09:57:06-03:00,2134
100024.jpg,1543/100024.jpg,2023-09-11T09:58:10-03:00,1543
100025.jpg,1543/100025.jpg,2023-09-11T09:58:28-03:00,1543
100026.jpg,1543/100026.jpg,2023-09-11T09:58:48-03:00,1543
100027.jpg,1543/100027.jpg,2023-09-11T09:59:12-03:00,1543
100028.jpg,1543/100028.jpg,2023-09-11T09:59:48-03:00,1543
100029.jpg,1543/100029.jpg,2023-09-11T10:00:14-03:00,1543
100030.jpg,1543/100030.jpg,2023-09-11T10:00:32-03:00,1543
100031.jpg,1543/100031.jpg,2023-09-11T10:00:56-03:00,1543
100032.jpg,1543/100032.jpg,2023-09-11T10:02:28-03:00,1543
100033.jpg,1543/100033.jpg,2023-09-11T10:02:58-03:00,1543
100034.jpg,1543/100034.jpg,2023-09-11T10:03:54-03:00,1543
100035.jpg,1543/100035.jpg,2023-09-11T10:05:12-03:00,1543
100703.jpg,3108/100703.jpg,2023-09-11T10:05:48-03:00,3108
100704.jpg,3108/100704.jpg,2023-09-11T10:06:20-03:00,3108
100705.jpg,3108/100705.jpg,2023-09-11T10:06:40-03:00,3108
100706.jpg,3108/100706.jpg,2023-09-11T10:07:08-03:00,3108
100707.jpg,3108/100707.jpg,2023-09-11T10:07:30-03:00,3108
100708.jpg,3108/100708.jpg,2023-09-11T10:07:54-03:00,3108
100709.jpg,3108/100709.jpg,2023-09-11T10:08:12-03:00,3108
100710.jpg,3108/100710.jpg,2023-09-11T10:08:40-03:00,3108
100711.jpg,3108/100711.jpg,2023-09-11T10:09:14-03:00,3108
100712.jpg,3108/100712.jpg,2023-09-11T10:09:48-03:00,3108
100713.jpg,3108/100713.jpg,2023-09-11T10:10:10-03:00,3108
100714.jpg,3108/100714.jpg,2023-09-11T10:10:34-03:00,3108
100691.jpg,3091/100691.jpg,2023-09-11T10:11:08-03:00,3091
100692.jpg,3091/100692.jpg,2023-09-11T10:11:24-03:00,3091
100693.jpg,3091/100693.jpg,2023-09-11T10:11:48-03:00,3091
100694.jpg,3091/100694.jpg,2023-09-11T10:12:12-03:00,3091
100695.jpg,3091/100695.jpg,2023-09-11T10:13:32-03:00,3091
100696.jpg,3091/100696.jpg,2023-09-11T10:14:02-03:00,3091
100697.jpg,3091/100697.jpg,2023-09-11T10:14:26-03:00,3091
100698.jpg,3091/100698.jpg,2023-09-11T10:14:52-03:00,3091
100699.jpg,3091/100699.jpg,2023-09-11T10:15:38-03:00,3091
100700.jpg,3091/100700.jpg,2023-09-11T10:16:08-03:00,3091
100701.jpg,3091/100701.jpg,2023-09-11T10:16:26-03:00,3091
100702.jpg,3091/100702.jpg,2023-09-11T10:16:44-03:00,3091
100387.jpg,2311/100387.jpg,2023-10-19T07:55:22-03:00,2311
100388.jpg,2311/100388.jpg,2023-10-19T07:56:04-03:00,2311
100389.jpg,2311/100389.jpg,2023-10-19T07:56:38-03:00,2311
100390.jpg,2311/100390.jpg,2023-10-19T07:57:30-03:00,2311
100391.jpg,2311/100391.jpg,2023-10-19T08:04:36-03:00,2311
100392.jpg,2311/100392.jpg,2023-10-19T08:05:44-03:00,2311
100393.jpg,2311/100393.jpg,2023-10-19T08:06:08-03:00,2311
100394.jpg,2311/100394.jpg,2023-10-19T08:06:52-03:00,2311
100395.jpg,2311/100395.jpg,2023-10-19T08:07:50-03:00,2311
100396.jpg,2311/100396.jpg,2023-10-19T08:08:14-03:00,2311
100397.jpg,2311/100397.jpg,2023-10-19T08:09:26-03:00,2311
100398.jpg,2311/100398.jpg,2023-10-19T08:10:00-03:00,2311
100739.jpg,3225/100739.jpg,2023-10-19T08:10:38-03:00,3225
100740.jpg,3225/100740.jpg,2023-10-19T08:11:00-03:00,3225
100741.jpg,3225/100741.jpg,2023-10-19T08:11:28-03:00,3225
100742.jpg,3225/100742.jpg,2023-10-19T08:11:50-03:00,3225
100743.jpg,3225/100743.jpg,2023-10-19T08:12:24-03:00,3225
100744.jpg,3225/100744.jpg,2023-10-19T08:13:38-03:00,3225
100745.jpg,3225/100745.jpg,2023-10-19T08:14:18-03:00,3225
100746.jpg,3225/100746.jpg,2023-10-19T08:14:38-03:00,3225
100747.jpg,3225/100747.jpg,2023-10-19T08:15:16-03:00,3225
100748.jpg,3225/100748.jpg,2023-10-19T08:15:50-03:00,3225
100749.jpg,3225/100749.jpg,2023-10-19T08:16:58-03:00,3225
100750.jpg,3225/100750.jpg,2023-10-19T08:17:24-03:00,3225
100205.jpg,1854/100205.jpg,2023-10-19T08:20:04-03:00,1854
100206.jpg,1854/100206.jpg,2023-10-19T08:20:30-03:00,1854
100207.jpg,1854/100207.jpg,2023-10-19T08:21:00-03:00,1854
100208.jpg,1854/100208.jpg,2023-10-19T08:21:34-03:00,1854
100209.jpg,1854/100209.jpg,2023-10-19T08:22:26-03:00,1854
100210.jpg,1854/100210.jpg,2023-10-19T08:23:06-03:00,1854
100211.jpg,1854/100211.jpg,2023-10-19T08:23:34-03:00,1854
100212.jpg,1854/100212.jpg,2023-10-19T08:27:22-03:00,1854
100213.jpg,1854/100213.jpg,2023-10-19T08:27:54-03:00,1854
100214.jpg,1854/100214.jpg,2023-10-19T08:28:52-03:00,1854
100215.jpg,1854/100215.jpg,2023-10-19T08:29:18-03:00,1854
100216.jpg,1854/100216.jpg,2023-10-19T08:31:44-03:00,1854
100060.jpg,1596/100060.jpg,2023-10-19T08:33:44-03:00,1596
100061.jpg,1596/100061.jpg,2023-10-19T08:34:12-03:00,1596
100062.jpg,1596/100062.jpg,2023-10-19T08:34:42-03:00,1596
100063.jpg,1596/100063.jpg,2023-10-19T08:35:48-03:00,1596
100064.jpg,1596/100064.jpg,2023-10-19T08:36:16-03:00,1596
100065.jpg,1596/100065.jpg,2023-10-19T08:36:42-03:00,1596
100066.jpg,1596/100066.jpg,2023-10-19T08:37:14-03:00,1596
100067.jpg,1596/100067.jpg,2023-10-19T08:38:08-03:00,1596
100068.jpg,1596/100068.jpg,2023-10-19T08:39:12-03:00,1596
100069.jpg,1596/100069.jpg,2023-10-19T08:42:58-03:00,1596
100070.jpg,1596/100070.jpg,2023-10-19T08:43:32-03:00,1596
100071.jpg,1596/100071.jpg,2023-10-19T08:44:02-03:00,1596
100048.jpg,1557/100048.jpg,2023-10-19T08:44:28-03:00,1557
100049.jpg,1557/100049.jpg,2023-10-19T08:44:48-03:00,1557
100050.jpg,1557/100050.jpg,2023-10-19T08:45:12-03:00,1557
100051.jpg,1557/100051.jpg,2023-10-19T08:45:40-03:00,1557
100052.jpg,1557/100052.jpg,2023-10-19T08:46:02-03:00,1557
100053.jpg,1557/100053.jpg,2023-10-19T08:46:22-03:00,1557
100054.jpg,1557/100054.jpg,2023-10-19T08:46:50-03:00,1557
100055.jpg,1557/100055.jpg,2023-10-19T08:47:12-03:00,1557
100056.jpg,1557/100056.jpg,2023-10-19T08:59:06-03:00,1557
100057.jpg,1557/100057.jpg,2023-10-19T08:59:34-03:00,1557
100058.jpg,1557/100058.jpg,2023-10-19T08:59:54-03:00,1557
100059.jpg,1557/100059.jpg,2023-10-19T09:00:22-03:00,1557
100217.jpg,1875/100217.jpg,2023-10-19T09:00:44-03:00,1875
100218.jpg,1875/100218.jpg,2023-10-19T09:01:04-03:00,1875
100219.jpg,1875/100219.jpg,2023-10-19T09:01:24-03:00,1875
100220.jpg,1875/100220.jpg,2023-10-19T09:01:52-03:00,1875
100221.jpg,1875/100221.jpg,2023-10-19T09:02:22-03:00,1875
100222.jpg,1875/100222.jpg,2023-10-19T09:02:56-03:00,1875
100223.jpg,1875/100223.jpg,2023-10-19T09:03:18-03:00,1875
100224.jpg,1875/100224.jpg,2023-10-19T09:03:44-03:00,1875
100225.jpg,1875/100225.jpg,2023-10-19T09:04:06-03:00,1875
100226.jpg,1875/100226.jpg,2023-10-19T09:04:26-03:00,1875
100227.jpg,1875/100227.jpg,2023-10-19T09:04:48-03:00,1875
100228.jpg,1875/100228.jpg,2023-10-19T09:05:10-03:00,1875
100632.jpg,2972/100632.jpg,2023-12-07T08:46:58,2972
100633.jpg,2972/100633.jpg,2023-12-07T08:47:02,2972
100634.jpg,2972/100634.jpg,2023-12-07T08:47:06,2972
100635.jpg,2972/100635.jpg,2023-12-07T08:47:12,2972
100636.jpg,2972/100636.jpg,2023-12-07T08:48:24,2972
100637.jpg,2972/100637.jpg,2023-12-07T08:48:28,2972
100638.jpg,2972/100638.jpg,2023-12-07T08:48:30,2972
100639.jpg,2972/100639.jpg,2023-12-07T08:48:37,2972
100640.jpg,2972/100640.jpg,2023-12-07T08:48:39,2972
100641.jpg,2972/100641.jpg,2023-12-07T08:48:43,2972
100642.jpg,2972/100642.jpg,2023-12-07T08:52:50,2972
100643.jpg,2972/100643.jpg,2023-12-07T08:52:53,2972
100644.jpg,2972/100644.jpg,2023-12-07T08:52:58,2972
100645.jpg,2972/100645.jpg,2023-12-07T08:53:02,2972
100646.jpg,2972/100646.jpg,2023-12-07T08:53:04,2972
100647.jpg,2972/100647.jpg,2023-12-07T08:53:08,2972
100648.jpg,2972/100648.jpg,2023-12-07T08:53:11,2972
100649.jpg,2972/100649.jpg,2023-12-07T08:59:08,2972
100650.jpg,2972/100650.jpg,2023-12-07T08:59:12,2972
100651.jpg,2972/100651.jpg,2023-12-07T08:59:15,2972
100652.jpg,2972/100652.jpg,2023-12-07T08:59:21,2972
100653.jpg,2972/100653.jpg,2023-12-07T08:59:27,2972
100654.jpg,2972/100654.jpg,2023-12-07T08:59:30,2972
100655.jpg,2972/100655.jpg,2023-12-07T08:59:31,2972
100656.jpg,2972/100656.jpg,2023-12-07T08:59:35,2972
100657.jpg,2972/100657.jpg,2023-12-07T09:00:44,2972
100658.jpg,2972/100658.jpg,2023-12-07T09:00:48,2972
100659.jpg,2972/100659.jpg,2023-12-07T09:00:50,2972
100660.jpg,2972/100660.jpg,2023-12-07T09:00:55,2972
100661.jpg,2972/100661.jpg,2023-12-07T09:01:00,2972
100662.jpg,2972/100662.jpg,2023-12-07T09:01:04,2972
100663.jpg,2972/100663.jpg,2023-12-07T09:01:08,2972
100399.jpg,2394/100399.jpg,2023-12-07T09:08:12,2394
100400.jpg,2394/100400.jpg,2023-12-07T09:08:20,2394
100401.jpg,2394/100401.jpg,2023-12-07T09:08:23,2394
100402.jpg,2394/100402.jpg,2023-12-07T09:08:27,2394
100403.jpg,2394/100403.jpg,2023-12-07T09:08:30,2394
100404.jpg,2394/100404.jpg,2023-12-07T09:08:33,2394
100405.jpg,2394/100405.jpg,2023-12-07T09:09:51,2394
100406.jpg,2394/100406.jpg,2023-12-07T09:09:54,2394
100407.jpg,2394/100407.jpg,2023-12-07T09:09:56,2394
100408.jpg,2394/100408.jpg,2023-12-07T09:10:01,2394
100409.jpg,2394/100409.jpg,2023-12-07T09:10:04,2394
100410.jpg,2394/100410.jpg,2023-12-07T09:10:07,2394
100411.jpg,2394/100411.jpg,2023-12-07T09:10:11,2394
100412.jpg,2394/100412.jpg,2023-12-07T09:10:14,2394
100413.jpg,2394/100413.jpg,2023-12-07T09:10:16,2394
100414.jpg,2394/100414.jpg,2023-12-07T09:10:18,2394
100415.jpg,2394/100415.jpg,2023-12-07T09:19:37,2394
100416.jpg,2394/100416.jpg,2023-12-07T09:19:39,2394
100417.jpg,2394/100417.jpg,2023-12-07T09:19:42,2394
100418.jpg,2394/100418.jpg,2023-12-07T09:19:46,2394
100419.jpg,2394/100419.jpg,2023-12-07T09:19:49,2394
100420.jpg,2394/100420.jpg,2023-12-07T09:19:52,2394
100421.jpg,2394/100421.jpg,2023-12-07T09:19:55,2394
100422.jpg,2394/100422.jpg,2023-12-07T09:20:02,2394
100423.jpg,2394/100423.jpg,2023-12-07T09:20:06,2394
100424.jpg,2394/100424.jpg,2023-12-07T09:20:09,2394
100425.jpg,2394/100425.jpg,2023-12-07T09:20:29,2394
100426.jpg,2394/100426.jpg,2023-12-07T09:20:31,2394
100427.jpg,2394/100427.jpg,2023-12-07T09:20:36,2394
100428.jpg,2394/100428.jpg,2023-12-07T09:20:40,2394
100429.jpg,2394/100429.jpg,2023-12-07T09:20:43,2394
100430.jpg,2394/100430.jpg,2023-12-07T09:20:47,2394
100431.jpg,2394/100431.jpg,2023-12-07T09:20:49,2394
100432.jpg,2394/100432.jpg,2023-12-07T09:20:53,2394
100433.jpg,2394/100433.jpg,2023-12-07T09:20:55,2394
100434.jpg,2394/100434.jpg,2023-12-07T09:20:59,2394
100435.jpg,2394/100435.jpg,2023-12-07T09:25:41,2394
100436.jpg,2394/100436.jpg,2023-12-07T09:25:43,2394
100437.jpg,2394/100437.jpg,2023-12-07T09:25:47,2394
100438.jpg,2394/100438.jpg,2023-12-07T09:25:50,2394
100439.jpg,2394/100439.jpg,2023-12-07T09:25:57,2394
100440.jpg,2394/100440.jpg,2023-12-07T09:26:01,2394
100441.jpg,2394/100441.jpg,2023-12-07T09:26:02,2394
100442.jpg,2394/100442.jpg,2023-12-07T09:26:05,2394
100443.jpg,2394/100443.jpg,2023-12-07T09:26:06,2394
100444.jpg,2394/100444.jpg,2023-12-07T09:26:18,2394
100445.jpg,2394/100445.jpg,2023-12-07T09:26:20,2394
100446.jpg,2394/100446.jpg,2023-12-07T09:26:24,2394
100447.jpg,2394/100447.jpg,2023-12-07T09:26:27,2394
100448.jpg,2394/100448.jpg,2023-12-07T09:26:31,2394
100449.jpg,2394/100449.jpg,2023-12-07T09:26:33,2394
100450.jpg,2394/100450.jpg,2023-12-07T09:26:39,2394
100451.jpg,2394/100451.jpg,2023-12-07T09:26:41,2394
100452.jpg,2394/100452.jpg,2023-12-07T09:26:44,2394
100453.jpg,2394/100453.jpg,2023-12-07T09:26:49,2394
100454.jpg,2394/100454.jpg,2023-12-07T09:26:52,2394
100455.jpg,2394/100455.jpg,2023-12-07T09:26:57,2394
100479.jpg,2771/100479.jpg,2023-12-07T09:36:46,2771
100480.jpg,2771/100480.jpg,2023-12-07T09:36:48,2771
100481.jpg,2771/100481.jpg,2023-12-07T09:36:51,2771
100482.jpg,2771/100482.jpg,2023-12-07T09:36:53,2771
100483.jpg,2771/100483.jpg,2023-12-07T09:36:55,2771
100484.jpg,2771/100484.jpg,2023-12-07T09:36:58,2771
100485.jpg,2771/100485.jpg,2023-12-07T09:37:02,2771
100486.jpg,2771/100486.jpg,2023-12-07T09:37:04,2771
100487.jpg,2771/100487.jpg,2023-12-07T09:37:07,2771
100488.jpg,2771/100488.jpg,2023-12-07T09:37:08,2771
100489.jpg,2771/100489.jpg,2023-12-07T09:37:10,2771
100490.jpg,2771/100490.jpg,2023-12-07T09:37:11,2771
100491.jpg,2771/100491.jpg,2023-12-07T09:37:21,2771
100492.jpg,2771/100492.jpg,2023-12-07T09:37:24,2771
100493.jpg,2771/100493.jpg,2023-12-07T09:37:27,2771
100494.jpg,2771/100494.jpg,2023-12-07T09:37:30,2771
100495.jpg,2771/100495.jpg,2023-12-07T09:37:32,2771
100496.jpg,2771/100496.jpg,2023-12-07T09:37:37,2771
100497.jpg,2771/100497.jpg,2023-12-07T09:37:40,2771
100498.jpg,2771/100498.jpg,2023-12-07T09:37:44,2771
100499.jpg,2771/100499.jpg,2023-12-07T09:37:47,2771
100500.jpg,2771/100500.jpg,2023-12-07T09:37:51,2771
100501.jpg,2771/100501.jpg,2023-12-07T09:41:49,2771
100502.jpg,2771/100502.jpg,2023-12-07T09:41:52,2771
100503.jpg,2771/100503.jpg,2023-12-07T09:41:55,2771
100504.jpg,2771/100504.jpg,2023-12-07T09:41:57,2771
100505.jpg,2771/100505.jpg,2023-12-07T09:41:59,2771
100506.jpg,2771/100506.jpg,2023-12-07T09:42:01,2771
100507.jpg,2771/100507.jpg,2023-12-07T09:42:03,2771
100508.jpg,2771/100508.jpg,2023-12-07T09:42:04,2771
100509.jpg,2771/100509.jpg,2023-12-07T09:42:05,2771
100510.jpg,2771/100510.jpg,2023-12-07T09:42:09,2771
100511.jpg,2771/100511.jpg,2023-12-07T09:42:10,2771
100512.jpg,2771/100512.jpg,2023-12-07T09:42:14,2771
100513.jpg,2771/100513.jpg,2023-12-07T09:42:22,2771
100514.jpg,2771/100514.jpg,2023-12-07T09:42:25,2771
100515.jpg,2771/100515.jpg,2023-12-07T09:42:28,2771
100516.jpg,2771/100516.jpg,2023-12-07T09:42:32,2771
100517.jpg,2771/100517.jpg,2023-12-07T09:42:35,2771
100518.jpg,2771/100518.jpg,2023-12-07T09:42:37,2771
100519.jpg,2771/100519.jpg,2023-12-07T09:42:39,2771
100520.jpg,2771/100520.jpg,2023-12-07T09:42:41,2771
100521.jpg,2771/100521.jpg,2023-12-07T09:42:46,2771
100522.jpg,2771/100522.jpg,2023-12-07T09:47:41,2771
100523.jpg,2771/100523.jpg,2023-12-07T09:47:43,2771
100524.jpg,2771/100524.jpg,2023-12-07T09:47:47,2771
100525.jpg,2771/100525.jpg,2023-12-07T09:47:50,2771
100526.jpg,2771/100526.jpg,2023-12-07T09:47:54,2771
100527.jpg,2771/100527.jpg,2023-12-07T09:48:01,2771
100528.jpg,2771/100528.jpg,2023-12-07T09:48:04,2771
100529.jpg,2771/100529.jpg,2023-12-07T09:48:09,2771
100530.jpg,2771/100530.jpg,2023-12-07T09:48:10,2771
100531.jpg,2771/100531.jpg,2023-12-07T09:48:26,2771
100532.jpg,2771/100532.jpg,2023-12-07T09:48:29,2771
100533.jpg,2771/100533.jpg,2023-12-07T09:48:31,2771
100534.jpg,2771/100534.jpg,2023-12-07T09:48:35,2771
100535.jpg,2771/100535.jpg,2023-12-07T09:48:38,2771
100536.jpg,2771/100536.jpg,2023-12-07T09:48:41,2771
100537.jpg,2771/100537.jpg,2023-12-07T09:48:43,2771
100538.jpg,2771/100538.jpg,2023-12-07T09:48:45,2771
100539.jpg,2771/100539.jpg,2023-12-07T09:48:46,2771
100233.jpg,1922/100233.jpg,2023-12-07T09:57:40,1922
100234.jpg,1922/100234.jpg,2023-12-07T09:57:46,1922
100235.jpg,1922/100235.jpg,2023-12-07T09:57:48,1922
100236.jpg,1922/100236.jpg,2023-12-07T09:57:50,1922
100237.jpg,1922/100237.jpg,2023-12-07T09:57:53,1922
100238.jpg,1922/100238.jpg,2023-12-07T09:57:56,1922
100239.jpg,1922/100239.jpg,2023-12-07T09:57:57,1922
100240.jpg,1922/100240.jpg,2023-12-07T09:58:00,1922
100241.jpg,1922/100241.jpg,2023-12-07T09:58:03,1922
100242.jpg,1922/100242.jpg,2023-12-07T09:58:12,1922
100243.jpg,1922/100243.jpg,2023-12-07T09:58:16,1922
100244.jpg,1922/100244.jpg,2023-12-07T09:58:19,1922
100245.jpg,1922/100245.jpg,2023-12-07T09:58:21,1922
100246.jpg,1922/100246.jpg,2023-12-07T09:58:25,1922
100247.jpg,1922/100247.jpg,2023-12-07T09:58:26,1922
100248.jpg,1922/100248.jpg,2023-12-07T09:58:30,1922
100249.jpg,1922/100249.jpg,2023-12-07T09:58:32,1922
100250.jpg,1922/100250.jpg,2023-12-07T09:58:33,1922
100251.jpg,1922/100251.jpg,2023-12-07T09:58:37,1922
100252.jpg,1922/100252.jpg,2023-12-07T10:01:48,1922
100253.jpg,1922/100253.jpg,2023-12-07T10:01:51,1922
100254.jpg,1922/100254.jpg,2023-12-07T10:01:54,1922
100255.jpg,1922/100255.jpg,2023-12-07T10:02:00,1922
100256.jpg,1922/100256.jpg,2023-12-07T10:02:03,1922
100257.jpg,1922/100257.jpg,2023-12-07T10:02:05,1922
100258.jpg,1922/100258.jpg,2023-12-07T10:02:09,1922
100259.jpg,1922/100259.jpg,2023-12-07T10:02:10,1922
100260.jpg,1922/100260.jpg,2023-12-07T10:02:12,1922
100261.jpg,1922/100261.jpg,2023-12-07T10:02:13,1922
100262.jpg,1922/100262.jpg,2023-12-07T10:02:34,1922
100263.jpg,1922/100263.jpg,2023-12-07T10:02:36,1922
100264.jpg,1922/100264.jpg,2023-12-07T10:02:38,1922
100265.jpg,1922/100265.jpg,2023-12-07T10:02:40,1922
100266.jpg,1922/100266.jpg,2023-12-07T10:02:43,1922
100267.jpg,1922/100267.jpg,2023-12-07T10:02:44,1922
100268.jpg,1922/100268.jpg,2023-12-07T10:02:46,1922
100269.jpg,1922/100269.jpg,2023-12-07T10:02:49,1922
100270.jpg,1922/100270.jpg,2023-12-07T10:02:52,1922
100271.jpg,1922/100271.jpg,2023-12-07T10:06:14,1922
100272.jpg,1922/100272.jpg,2023-12-07T10:06:17,1922
100273.jpg,1922/100273.jpg,2023-12-07T10:06:19,1922
100274.jpg,1922/100274.jpg,2023-12-07T10:06:22,1922
100275.jpg,1922/100275.jpg,2023-12-07T10:06:24,1922
100276.jpg,1922/100276.jpg,2023-12-07T10:06:27,1922
100277.jpg,1922/100277.jpg,2023-12-07T10:06:28,1922
100278.jpg,1922/100278.jpg,2023-12-07T10:06:30,1922
100279.jpg,1922/100279.jpg,2023-12-07T10:06:31,1922
100280.jpg,1922/100280.jpg,2023-12-07T10:07:27,1922
100281.jpg,1922/100281.jpg,2023-12-07T10:07:28,1922
100282.jpg,1922/100282.jpg,2023-12-07T10:07:30,1922
100283.jpg,1922/100283.jpg,2023-12-07T10:07:32,1922
100284.jpg,1922/100284.jpg,2023-12-07T10:07:36,1922
100285.jpg,1922/100285.jpg,2023-12-07T10:07:39,1922
100286.jpg,1922/100286.jpg,2023-12-07T10:07:40,1922
100287.jpg,1922/100287.jpg,2023-12-07T10:07:43,1922
100288.jpg,1922/100288.jpg,2023-12-07T10:07:47,1922
100126.jpg,1682/100126.jpg,2023-12-07T10:15:16,1682
100127.jpg,1682/100127.jpg,2023-12-07T10:15:18,1682
100128.jpg,1682/100128.jpg,2023-12-07T10:15:21,1682
100129.jpg,1682/100129.jpg,2023-12-07T10:15:24,1682
100130.jpg,1682/100130.jpg,2023-12-07T10:15:27,1682
100131.jpg,1682/100131.jpg,2023-12-07T10:15:30,1682
100132.jpg,1682/100132.jpg,2023-12-07T10:15:32,1682
100133.jpg,1682/100133.jpg,2023-12-07T10:15:36,1682
100134.jpg,1682/100134.jpg,2023-12-07T10:15:38,1682
100135.jpg,1682/100135.jpg,2023-12-07T10:15:39,1682
100136.jpg,1682/100136.jpg,2023-12-07T10:15:41,1682
100137.jpg,1682/100137.jpg,2023-12-07T10:15:43,1682
100138.jpg,1682/100138.jpg,2023-12-07T10:15:55,1682
100371.jpg,2259/100371.jpg,2023-12-07T10:15:55,2259
100139.jpg,1682/100139.jpg,2023-12-07T10:15:57,1682
100370.jpg,2259/100370.jpg,2023-12-07T10:15:57,2259
100140.jpg,1682/100140.jpg,2023-12-07T10:15:58,1682
100369.jpg,2259/100369.jpg,2023-12-07T10:15:58,2259
100141.jpg,1682/100141.jpg,2023-12-07T10:16:00,1682
100368.jpg,2259/100368.jpg,2023-12-07T10:16:00,2259
100142.jpg,1682/100142.jpg,2023-12-07T10:16:01,1682
100143.jpg,1682/100143.jpg,2023-12-07T10:16:02,1682
100144.jpg,1682/100144.jpg,2023-12-07T10:16:04,1682
100145.jpg,1682/100145.jpg,2023-12-07T10:16:06,1682
100146.jpg,1682/100146.jpg,2023-12-07T10:16:10,1682
100147.jpg,1682/100147.jpg,2023-12-07T10:16:12,1682
100148.jpg,1682/100148.jpg,2023-12-07T10:16:13,1682
100149.jpg,1682/100149.jpg,2023-12-07T10:20:31,1682
100076.jpg,1682/100076.jpg,2023-12-07T10:20:33,1682
100077.jpg,1682/100077.jpg,2023-12-07T10:20:34,1682
100078.jpg,1682/100078.jpg,2023-12-07T10:20:35,1682
100079.jpg,1682/100079.jpg,2023-12-07T10:20:37,1682
100080.jpg,1682/100080.jpg,2023-12-07T10:20:41,1682
100081.jpg,1682/100081.jpg,2023-12-07T10:20:42,1682
100082.jpg,1682/100082.jpg,2023-12-07T10:20:43,1682
100083.jpg,1682/100083.jpg,2023-12-07T10:20:48,1682
100084.jpg,1682/100084.jpg,2023-12-07T10:20:50,1682
100085.jpg,1682/100085.jpg,2023-12-07T10:21:03,1682
100086.jpg,1682/100086.jpg,2023-12-07T10:21:04,1682
100087.jpg,1682/100087.jpg,2023-12-07T10:21:05,1682
100367.jpg,2259/100367.jpg,2023-12-07T10:21:05,2259
100088.jpg,1682/100088.jpg,2023-12-07T10:21:06,1682
100366.jpg,2259/100366.jpg,2023-12-07T10:21:06,2259
100089.jpg,1682/100089.jpg,2023-12-07T10:21:08,1682
100365.jpg,2259/100365.jpg,2023-12-07T10:21:08,2259
100090.jpg,1682/100090.jpg,2023-12-07T10:21:09,1682
100364.jpg,2259/100364.jpg,2023-12-07T10:21:09,2259
100091.jpg,1682/100091.jpg,2023-12-07T10:21:12,1682
100092.jpg,1682/100092.jpg,2023-12-07T10:21:14,1682
100093.jpg,1682/100093.jpg,2023-12-07T10:21:16,1682
100094.jpg,1682/100094.jpg,2023-12-07T10:21:17,1682
100095.jpg,1682/100095.jpg,2023-12-07T10:21:19,1682
100096.jpg,1682/100096.jpg,2023-12-07T10:21:20,1682
100097.jpg,1682/100097.jpg,2023-12-07T10:21:22,1682
100098.jpg,1682/100098.jpg,2023-12-07T10:21:24,1682
100099.jpg,1682/100099.jpg,2023-12-07T10:24:45,1682
100100.jpg,1682/100100.jpg,2023-12-07T10:24:46,1682
100101.jpg,1682/100101.jpg,2023-12-07T10:24:48,1682
100102.jpg,1682/100102.jpg,2023-12-07T10:24:49,1682
100103.jpg,1682/100103.jpg,2023-12-07T10:24:52,1682
100104.jpg,1682/100104.jpg,2023-12-07T10:24:53,1682
100105.jpg,1682/100105.jpg,2023-12-07T10:24:55,1682
100106.jpg,1682/100106.jpg,2023-12-07T10:24:56,1682
100107.jpg,1682/100107.jpg,2023-12-07T10:24:57,1682
100108.jpg,1682/100108.jpg,2023-12-07T10:24:59,1682
100109.jpg,1682/100109.jpg,2023-12-07T10:25:01,1682
100110.jpg,1682/100110.jpg,2023-12-07T10:25:02,1682
100111.jpg,1682/100111.jpg,2023-12-07T10:25:04,1682
100112.jpg,1682/100112.jpg,2023-12-07T10:25:06,1682
100113.jpg,1682/100113.jpg,2023-12-07T10:25:26,1682
100114.jpg,1682/100114.jpg,2023-12-07T10:25:28,1682
100115.jpg,1682/100115.jpg,2023-12-07T10:25:30,1682
100361.jpg,2259/100361.jpg,2023-12-07T10:25:30,2259
100363.jpg,2259/100363.jpg,2023-12-07T10:25:30,2259
100116.jpg,1682/100116.jpg,2023-12-07T10:25:32,1682
100362.jpg,2259/100362.jpg,2023-12-07T10:25:32,2259
100117.jpg,1682/100117.jpg,2023-12-07T10:25:33,1682
100118.jpg,1682/100118.jpg,2023-12-07T10:25:34,1682
100360.jpg,2259/100360.jpg,2023-12-07T10:25:34,2259
100119.jpg,1682/100119.jpg,2023-12-07T10:25:36,1682
100120.jpg,1682/100120.jpg,2023-12-07T10:25:37,1682
100121.jpg,1682/100121.jpg,2023-12-07T10:25:38,1682
100122.jpg,1682/100122.jpg,2023-12-07T10:25:40,1682
100123.jpg,1682/100123.jpg,2023-12-07T10:25:41,1682
100124.jpg,1682/100124.jpg,2023-12-07T10:25:43,1682
100125.jpg,1682/100125.jpg,2023-12-07T10:25:46,1682
100540.jpg,2816/100540.jpg,2023-12-07T10:46:19,2816
100541.jpg,2816/100541.jpg,2023-12-07T10:46:20,2816
100542.jpg,2816/100542.jpg,2023-12-07T10:46:21,2816
100543.jpg,2816/100543.jpg,2023-12-07T10:46:23,2816
100544.jpg,2816/100544.jpg,2023-12-07T10:46:24,2816
100545.jpg,2816/100545.jpg,2023-12-07T10:46:28,2816
100546.jpg,2816/100546.jpg,2023-12-07T10:46:30,2816
100547.jpg,2816/100547.jpg,2023-12-07T10:46:31,2816
100548.jpg,2816/100548.jpg,2023-12-07T10:46:32,2816
100549.jpg,2816/100549.jpg,2023-12-07T10:46:33,2816
100550.jpg,2816/100550.jpg,2023-12-07T10:46:35,2816
100551.jpg,2816/100551.jpg,2023-12-07T10:46:57,2816
100552.jpg,2816/100552.jpg,2023-12-07T10:46:59,2816
100553.jpg,2816/100553.jpg,2023-12-07T10:47:06,2816
100554.jpg,2816/100554.jpg,2023-12-07T10:47:08,2816
100555.jpg,2816/100555.jpg,2023-12-07T10:47:09,2816
100556.jpg,2816/100556.jpg,2023-12-07T10:47:10,2816
100557.jpg,2816/100557.jpg,2023-12-07T10:47:11,2816
100558.jpg,2816/100558.jpg,2023-12-07T10:47:13,2816
100559.jpg,2816/100559.jpg,2023-12-07T10:47:15,2816
100560.jpg,2816/100560.jpg,2023-12-07T10:47:19,2816
100561.jpg,2816/100561.jpg,2023-12-07T10:47:21,2816
100562.jpg,2816/100562.jpg,2023-12-07T10:51:44,2816
100563.jpg,2816/100563.jpg,2023-12-07T10:51:45,2816
100564.jpg,2816/100564.jpg,2023-12-07T10:51:46,2816
100565.jpg,2816/100565.jpg,2023-12-07T10:51:47,2816
100566.jpg,2816/100566.jpg,2023-12-07T10:51:48,2816
100567.jpg,2816/100567.jpg,2023-12-07T10:51:49,2816
100569.jpg,2816/100569.jpg,2023-12-07T10:51:51,2816
100568.jpg,2816/100568.jpg,2023-12-07T10:51:52,2816
100570.jpg,2816/100570.jpg,2023-12-07T10:51:53,2816
100571.jpg,2816/100571.jpg,2023-12-07T10:51:54,2816
100572.jpg,2816/100572.jpg,2023-12-07T10:51:55,2816
100573.jpg,2816/100573.jpg,2023-12-07T10:51:56,2816
100574.jpg,2816/100574.jpg,2023-12-07T10:51:57,2816
100575.jpg,2816/100575.jpg,2023-12-07T10:51:58,2816
100576.jpg,2816/100576.jpg,2023-12-07T10:52:16,2816
100577.jpg,2816/100577.jpg,2023-12-07T10:52:17,2816
100578.jpg,2816/100578.jpg,2023-12-07T10:52:18,2816
100579.jpg,2816/100579.jpg,2023-12-07T10:52:19,2816
100580.jpg,2816/100580.jpg,2023-12-07T10:52:20,2816
100581.jpg,2816/100581.jpg,2023-12-07T10:52:21,2816
100582.jpg,2816/100582.jpg,2023-12-07T10:52:23,2816
100583.jpg,2816/100583.jpg,2023-12-07T10:52:24,2816
100584.jpg,2816/100584.jpg,2023-12-07T10:52:25,2816
100585.jpg,2816/100585.jpg,2023-12-07T10:52:26,2816
100586.jpg,2816/100586.jpg,2023-12-07T10:52:28,2816
100587.jpg,2816/100587.jpg,2023-12-07T10:52:30,2816
100588.jpg,2816/100588.jpg,2023-12-07T10:52:31,2816
100589.jpg,2816/100589.jpg,2023-12-07T10:52:32,2816
100590.jpg,2816/100590.jpg,2023-12-07T10:52:34,2816
100591.jpg,2816/100591.jpg,2023-12-07T10:52:39,2816
100592.jpg,2816/100592.jpg,2023-12-07T10:52:40,2816
100593.jpg,2816/100593.jpg,2023-12-07T10:57:29,2816
100594.jpg,2816/100594.jpg,2023-12-07T10:57:30,2816
100595.jpg,2816/100595.jpg,2023-12-07T10:57:31,2816
100596.jpg,2816/100596.jpg,2023-12-07T10:57:32,2816
100597.jpg,2816/100597.jpg,2023-12-07T10:57:33,2816
100598.jpg,2816/100598.jpg,2023-12-07T10:57:34,2816
100599.jpg,2816/100599.jpg,2023-12-07T10:57:36,2816
100600.jpg,2816/100600.jpg,2023-12-07T10:57:37,2816
100601.jpg,2816/100601.jpg,2023-12-07T10:57:38,2816
100602.jpg,2816/100602.jpg,2023-12-07T10:57:39,2816
100603.jpg,2816/100603.jpg,2023-12-07T10:57:40,2816
100604.jpg,2816/100604.jpg,2023-12-07T10:57:41,2816
100605.jpg,2816/100605.jpg,2023-12-07T10:57:42,2816
100606.jpg,2816/100606.jpg,2023-12-07T10:57:43,2816
100607.jpg,2816/100607.jpg,2023-12-07T10:57:44,2816
100608.jpg,2816/100608.jpg,2023-12-07T10:57:46,2816
100609.jpg,2816/100609.jpg,2023-12-07T10:57:47,2816
100610.jpg,2816/100610.jpg,2023-12-07T10:57:55,2816
100611.jpg,2816/100611.jpg,2023-12-07T10:57:56,2816
100612.jpg,2816/100612.jpg,2023-12-07T10:57:57,2816
100613.jpg,2816/100613.jpg,2023-12-07T10:57:58,2816
100615.jpg,2816/100615.jpg,2023-12-07T10:57:59,2816
100614.jpg,2816/100614.jpg,2023-12-07T10:58:00,2816
100616.jpg,2816/100616.jpg,2023-12-07T10:58:02,2816
100617.jpg,2816/100617.jpg,2023-12-07T10:58:02,2816
100618.jpg,2816/100618.jpg,2023-12-07T10:58:03,2816
100620.jpg,2816/100620.jpg,2023-12-07T10:58:04,2816
100619.jpg,2816/100619.jpg,2023-12-07T10:58:05,2816
100621.jpg,2816/100621.jpg,2023-12-07T10:58:06,2816
100622.jpg,2816/100622.jpg,2023-12-07T10:58:07,2816
100623.jpg,2816/100623.jpg,2023-12-07T10:58:08,2816
100624.jpg,2816/100624.jpg,2023-12-07T10:58:10,2816
100625.jpg,2816/100625.jpg,2023-12-07T10:58:12,2816
100626.jpg,2816/100626.jpg,2023-12-07T10:58:15,2816
100627.jpg,2816/100627.jpg,2023-12-07T10:58:16,2816
100036.jpg,1552/100036.jpg,2023-12-21T09:21:10-03:00,1552
100037.jpg,1552/100037.jpg,2023-12-21T09:22:34-03:00,1552
100038.jpg,1552/100038.jpg,2023-12-21T09:23:12-03:00,1552
100039.jpg,1552/100039.jpg,2023-12-21T09:23:38-03:00,1552
100040.jpg,1552/100040.jpg,2023-12-21T09:24:12-03:00,1552
100041.jpg,1552/100041.jpg,2023-12-21T09:24:42-03:00,1552
100042.jpg,1552/100042.jpg,2023-12-21T09:25:02-03:00,1552
100043.jpg,1552/100043.jpg,2023-12-21T09:25:22-03:00,1552
100044.jpg,1552/100044.jpg,2023-12-21T09:25:40-03:00,1552
100045.jpg,1552/100045.jpg,2023-12-21T09:26:32-03:00,1552
100046.jpg,1552/100046.jpg,2023-12-21T09:26:58-03:00,1552
100047.jpg,1552/100047.jpg,2023-12-21T09:27:12-03:00,1552
100012.jpg,1463/100012.jpg,2023-12-21T09:30:42-03:00,1463
100013.jpg,1463/100013.jpg,2023-12-21T09:30:58-03:00,1463
100014.jpg,1463/100014.jpg,2023-12-21T09:31:30-03:00,1463
100015.jpg,1463/100015.jpg,2023-12-21T09:31:46-03:00,1463
100016.jpg,1463/100016.jpg,2023-12-21T09:32:02-03:00,1463
100017.jpg,1463/100017.jpg,2023-12-21T09:32:16-03:00,1463
100018.jpg,1463/100018.jpg,2023-12-21T09:32:46-03:00,1463
100019.jpg,1463/100019.jpg,2023-12-21T09:33:20-03:00,1463
100020.jpg,1463/100020.jpg,2023-12-21T09:33:40-03:00,1463
100021.jpg,1463/100021.jpg,2023-12-21T09:33:58-03:00,1463
100022.jpg,1463/100022.jpg,2023-12-21T09:34:14-03:00,1463
100023.jpg,1463/100023.jpg,2023-12-21T09:34:28-03:00,1463
100173.jpg,1772/100173.jpg,2023-12-21T09:45:36-03:00,1772
100174.jpg,1772/100174.jpg,2023-12-21T09:47:00-03:00,1772
100175.jpg,1772/100175.jpg,2023-12-21T09:47:12-03:00,1772
100176.jpg,1772/100176.jpg,2023-12-21T09:47:26-03:00,1772
100177.jpg,1772/100177.jpg,2023-12-21T09:48:00-03:00,1772
100178.jpg,1772/100178.jpg,2023-12-21T09:48:12-03:00,1772
100179.jpg,1772/100179.jpg,2023-12-21T09:48:32-03:00,1772
100180.jpg,1772/100180.jpg,2023-12-21T09:48:44-03:00,1772
100181.jpg,1772/100181.jpg,2023-12-21T09:48:58-03:00,1772
100182.jpg,1772/100182.jpg,2023-12-21T09:49:10-03:00,1772
100183.jpg,1772/100183.jpg,2023-12-21T09:49:22-03:00,1772
100184.jpg,1772/100184.jpg,2023-12-21T09:49:36-03:00,1772
100306.jpg,2080/100306.jpg,2023-12-21T09:49:54-03:00,2080
100307.jpg,2080/100307.jpg,2023-12-21T09:50:10-03:00,2080
100308.jpg,2080/100308.jpg,2023-12-21T09:50:24-03:00,2080
100309.jpg,2080/100309.jpg,2023-12-21T09:50:36-03:00,2080
100310.jpg,2080/100310.jpg,2023-12-21T09:50:50-03:00,2080
100311.jpg,2080/100311.jpg,2023-12-21T09:51:02-03:00,2080
100312.jpg,2080/100312.jpg,2023-12-21T09:51:22-03:00,2080
100313.jpg,2080/100313.jpg,2023-12-21T09:51:38-03:00,2080
100314.jpg,2080/100314.jpg,2023-12-21T09:52:00-03:00,2080
100315.jpg,2080/100315.jpg,2023-12-21T09:52:12-03:00,2080
100316.jpg,2080/100316.jpg,2023-12-21T09:52:24-03:00,2080
100317.jpg,2080/100317.jpg,2023-12-21T09:52:42-03:00,2080
100330.jpg,2163/100330.jpg,2023-12-21T09:53:18-03:00,2163
100331.jpg,2163/100331.jpg,2023-12-21T09:53:36-03:00,2163
100332.jpg,2163/100332.jpg,2023-12-21T09:53:50-03:00,2163
100333.jpg,2163/100333.jpg,2023-12-21T09:54:04-03:00,2163
100334.jpg,2163/100334.jpg,2023-12-21T09:54:18-03:00,2163
100335.jpg,2163/100335.jpg,2023-12-21T09:54:34-03:00,2163
100336.jpg,2163/100336.jpg,2023-12-21T09:54:54-03:00,2163
100337.jpg,2163/100337.jpg,2023-12-21T09:55:06-03:00,2163
100338.jpg,2163/100338.jpg,2023-12-21T09:55:26-03:00,2163
100339.jpg,2163/100339.jpg,2023-12-21T09:55:42-03:00,2163
100340.jpg,2163/100340.jpg,2023-12-21T09:55:56-03:00,2163
100341.jpg,2163/100341.jpg,2023-12-21T09:56:08-03:00,2163
100775.jpg,3294/100775.jpg,2024-01-25T19:51:50-03:00,3294
100776.jpg,3294/100776.jpg,2024-01-25T19:51:50-03:00,3294
100777.jpg,3294/100777.jpg,2024-01-25T19:51:50-03:00,3294
100778.jpg,3294/100778.jpg,2024-01-25T19:51:50-03:00,3294
100779.jpg,3294/100779.jpg,2024-01-25T19:51:50-03:00,3294
100780.jpg,3294/100780.jpg,2024-01-25T19:51:52-03:00,3294
100781.jpg,3294/100781.jpg,2024-01-25T19:51:52-03:00,3294
100782.jpg,3294/100782.jpg,2024-01-25T19:51:52-03:00,3294
100783.jpg,3294/100783.jpg,2024-01-25T19:51:52-03:00,3294
100784.jpg,3294/100784.jpg,2024-01-25T19:51:54-03:00,3294
100785.jpg,3294/100785.jpg,2024-01-25T19:51:54-03:00,3294
100786.jpg,3294/100786.jpg,2024-01-25T19:51:54-03:00,3294
100787.jpg,3294/100787.jpg,2024-01-25T19:51:56-03:00,3294
100788.jpg,3294/100788.jpg,2024-01-25T19:51:56-03:00,3294
100789.jpg,3294/100789.jpg,2024-01-25T19:51:56-03:00,3294
100790.jpg,3294/100790.jpg,2024-01-25T19:51:56-03:00,3294
100791.jpg,3294/100791.jpg,2024-01-25T19:51:58-03:00,3294
100793.jpg,3294/100793.jpg,2024-01-25T19:51:58-03:00,3294
100794.jpg,3294/100794.jpg,2024-01-25T19:51:58-03:00,3294
100792.jpg,3294/100792.jpg,2024-01-25T19:52:00-03:00,3294
100795.jpg,3294/100795.jpg,2024-01-25T19:52:00-03:00,3294
100796.jpg,3294/100796.jpg,2024-01-25T19:52:00-03:00,3294
100185.jpg,1794/100185.jpg,2024-01-25T19:52:42-03:00,1794
100186.jpg,1794/100186.jpg,2024-01-25T19:52:42-03:00,1794
100187.jpg,1794/100187.jpg,2024-01-25T19:52:42-03:00,1794
100188.jpg,1794/100188.jpg,2024-01-25T19:52:44-03:00,1794
100189.jpg,1794/100189.jpg,2024-01-25T19:52:46-03:00,1794
100191.jpg,1794/100191.jpg,2024-01-25T19:52:46-03:00,1794
100192.jpg,1794/100192.jpg,2024-01-25T19:52:46-03:00,1794
100190.jpg,1794/100190.jpg,2024-01-25T19:52:48-03:00,1794
100193.jpg,1794/100193.jpg,2024-01-25T19:52:48-03:00,1794
100194.jpg,1794/100194.jpg,2024-01-25T19:52:48-03:00,1794
100195.jpg,1794/100195.jpg,2024-01-25T19:52:50-03:00,1794
100197.jpg,1794/100197.jpg,2024-01-25T19:52:50-03:00,1794
100196.jpg,1794/100196.jpg,2024-01-25T19:52:52-03:00,1794
100198.jpg,1794/100198.jpg,2024-01-25T19:52:52-03:00,1794
100199.jpg,1794/100199.jpg,2024-01-25T19:52:52-03:00,1794
100200.jpg,1794/100200.jpg,2024-01-25T19:52:54-03:00,1794
100201.jpg,1794/100201.jpg,2024-01-25T19:52:56-03:00,1794
100202.jpg,1794/100202.jpg,2024-01-25T19:52:56-03:00,1794
100203.jpg,1794/100203.jpg,2024-01-25T19:52:56-03:00,1794
100204.jpg,1794/100204.jpg,2024-01-25T19:52:56-03:00,1794
100289.jpg,2008/100289.jpg,2024-01-25T19:53:48-03:00,2008
100290.jpg,2008/100290.jpg,2024-01-25T19:53:48-03:00,2008
100291.jpg,2008/100291.jpg,2024-01-25T19:53:48-03:00,2008
100292.jpg,2008/100292.jpg,2024-01-25T19:53:48-03:00,2008
100293.jpg,2008/100293.jpg,2024-01-25T19:53:50-03:00,2008
100294.jpg,2008/100294.jpg,2024-01-25T19:53:50-03:00,2008
100295.jpg,2008/100295.jpg,2024-01-25T19:53:52-03:00,2008
100296.jpg,2008/100296.jpg,2024-01-25T19:53:52-03:00,2008
100297.jpg,2008/100297.jpg,2024-01-25T19:53:54-03:00,2008
100298.jpg,2008/100298.jpg,2024-01-25T19:53:54-03:00,2008
100299.jpg,2008/100299.jpg,2024-01-25T19:53:54-03:00,2008
100300.jpg,2008/100300.jpg,2024-01-25T19:53:54-03:00,2008
100301.jpg,2008/100301.jpg,2024-01-25T19:53:56-03:00,2008
100302.jpg,2008/100302.jpg,2024-01-25T19:53:56-03:00,2008
100303.jpg,2008/100303.jpg,2024-01-25T19:53:58-03:00,2008
100304.jpg,2008/100304.jpg,2024-01-25T19:53:58-03:00,2008
100305.jpg,2008/100305.jpg,2024-01-25T19:53:58-03:00,2008
100372.jpg,2278/100372.jpg,2024-01-25T19:54:44-03:00,2278
100373.jpg,2278/100373.jpg,2024-01-25T19:54:44-03:00,2278
100374.jpg,2278/100374.jpg,2024-01-25T19:54:46-03:00,2278
100375.jpg,2278/100375.jpg,2024-01-25T19:54:46-03:00,2278
100232.jpg,1881/100232.jpg,2024-01-25T19:54:48-03:00,1881
100376.jpg,2278/100376.jpg,2024-01-25T19:54:48-03:00,2278
100377.jpg,2278/100377.jpg,2024-01-25T19:54:48-03:00,2278
100378.jpg,2278/100378.jpg,2024-01-25T19:54:48-03:00,2278
100379.jpg,2278/100379.jpg,2024-01-25T19:54:48-03:00,2278
100380.jpg,2278/100380.jpg,2024-01-25T19:54:50-03:00,2278
100381.jpg,2278/100381.jpg,2024-01-25T19:54:50-03:00,2278
100382.jpg,2278/100382.jpg,2024-01-25T19:54:50-03:00,2278
100383.jpg,2278/100383.jpg,2024-01-25T19:54:52-03:00,2278
100384.jpg,2278/100384.jpg,2024-01-25T19:54:52-03:00,2278
100385.jpg,2278/100385.jpg,2024-01-25T19:54:54-03:00,2278
100386.jpg,2278/100386.jpg,2024-01-25T19:54:54-03:00,2278
100229.jpg,1881/100229.jpg,2024-01-25T19:55:26-03:00,1881
100230.jpg,1881/100230.jpg,2024-01-25T19:55:28-03:00,1881
100231.jpg,1881/100231.jpg,2024-01-25T19:55:28-03:00,1881
100462.jpg,2698/100462.jpg,2024-01-25T19:56:08-03:00,2698
100463.jpg,2698/100463.jpg,2024-01-25T19:56:10-03:00,2698
100464.jpg,2698/100464.jpg,2024-01-25T19:56:10-03:00,2698
100465.jpg,2698/100465.jpg,2024-01-25T19:56:10-03:00,2698
100466.jpg,2698/100466.jpg,2024-01-25T19:56:10-03:00,2698
100468.jpg,2698/100468.jpg,2024-01-25T19:56:10-03:00,2698
100467.jpg,2698/100467.jpg,2024-01-25T19:56:12-03:00,2698
100469.jpg,2698/100469.jpg,2024-01-25T19:56:12-03:00,2698
100470.jpg,2698/100470.jpg,2024-01-25T19:56:14-03:00,2698
100471.jpg,2698/100471.jpg,2024-01-25T19:56:14-03:00,2698
100472.jpg,2698/100472.jpg,2024-01-25T19:56:14-03:00,2698
100473.jpg,2698/100473.jpg,2024-01-25T19:56:16-03:00,2698
100474.jpg,2698/100474.jpg,2024-01-25T19:56:16-03:00,2698
100475.jpg,2698/100475.jpg,2024-01-25T19:56:16-03:00,2698
100476.jpg,2698/100476.jpg,2024-01-25T19:56:18-03:00,2698
100477.jpg,2698/100477.jpg,2024-01-25T19:56:18-03:00,2698
100478.jpg,2698/100478.jpg,2024-01-25T19:56:18-03:00,2698
